name,price,url,address,date
Star Wars Jedi: fallen order ps4,1700,https://www.avito.ru/dimitrovgrad/igry_pristavki_i_programmy?q=star+wars,"пр-т Автостроителей, 74А",16 июня 00:14
Star Wars Jedi: Fallen Order,2000,https://www.avito.ru/dimitrovgrad/igry_pristavki_i_programmy?q=star+wars,"пр-т Автостроителей, 51В",14 июня 15:25
Star wars kinect для xbox 360,450,https://www.avito.ru/dimitrovgrad/igry_pristavki_i_programmy?q=star+wars,ул. Куйбышева,4 июня 23:02
Battlefront star wars для Sony PS 4 продажа/обмен,590,https://www.avito.ru/dimitrovgrad/igry_pristavki_i_programmy?q=star+wars,"ул. Куйбышева, 213",3 июня 17:53
Ps4 игры лицензия,1000,https://www.avito.ru/dimitrovgrad/igry_pristavki_i_programmy?q=star+wars,"ул. Королёва, 11",6 июня 11:08
Игры для Sony PS4,Ценанеуказана,https://www.avito.ru/dimitrovgrad/igry_pristavki_i_programmy?q=star+wars,"Ульяновская область, Димитровград",7 июня 13:20
Игры для детей рs З,Ценанеуказана,https://www.avito.ru/dimitrovgrad/igry_pristavki_i_programmy?q=star+wars,"Гвардейская ул., 23",3 июня 18:29
Игры лицензионные для Sony PS4,600,https://www.avito.ru/dimitrovgrad/igry_pristavki_i_programmy?q=star+wars,Гвардейская ул.,2 июня 16:51
Ведьмак 3 для PS4 +(список игр внутри),Ценанеуказана,https://www.avito.ru/dimitrovgrad/igry_pristavki_i_programmy?q=star+wars,"Гвардейская ул., 30",3 июня 17:53
Лицензия xbox360 игры,300,https://www.avito.ru/dimitrovgrad/igry_pristavki_i_programmy?q=star+wars,ул. Королёва,22 мая 11:19
Коллекция игр для Sony PS3 часть - № 2,400,https://www.avito.ru/dimitrovgrad/igry_pristavki_i_programmy?q=star+wars,Гвардейская ул.,1 июня 22:26
Lego Star Wars,150,https://www.avito.ru/dimitrovgrad/igry_pristavki_i_programmy?q=star+wars,"Ульяновская область, Старомайнский р-н, пос. городского типа Старая Майна",26 мая 18:47
Игры xbox 360,249,https://www.avito.ru/dimitrovgrad/igry_pristavki_i_programmy?q=star+wars,"Самарская область, Ставропольский р-н, с. Тимофеевка",5 июня 14:30
Игра Battlefront ps4,450,https://www.avito.ru/dimitrovgrad/igry_pristavki_i_programmy?q=star+wars,"Самарская область, Тольятти",
Xbox 360. 999 игр. Slim 500 Gb. Новая. Вариант 4,20000,https://www.avito.ru/dimitrovgrad/igry_pristavki_i_programmy?q=star+wars,"Самарская область, Тольятти",16 июня 08:24
Игры серии lego для Playstation 3,500,https://www.avito.ru/dimitrovgrad/igry_pristavki_i_programmy?q=star+wars,"Самарская область, Тольятти",11 июня 21:14
PS4. 20 игр.1 Тб. Вариант 12. Обмен на PS3-Xbox,32000,https://www.avito.ru/dimitrovgrad/igry_pristavki_i_programmy?q=star+wars,"Самарская область, Тольятти",7 июня 09:51
Xbox 360. 997 игр. Slim 500 Gb. Вариант 6. Обмен,15000,https://www.avito.ru/dimitrovgrad/igry_pristavki_i_programmy?q=star+wars,"Самарская область, Тольятти",3 июня 13:34
Диски для Playstation 4. 100 штук. Продажа. Обмен,200,https://www.avito.ru/dimitrovgrad/igry_pristavki_i_programmy?q=star+wars,"Самарская область, Тольятти",1 июня 23:40
Редкие Игры Для Sony Ps3,600,https://www.avito.ru/dimitrovgrad/igry_pristavki_i_programmy?q=star+wars,"Самарская область, Тольятти",8 июня 10:32
Лицензионные Диски На Sony Ps3 Разных Жанров,300,https://www.avito.ru/dimitrovgrad/igry_pristavki_i_programmy?q=star+wars,"Самарская область, Тольятти",22 мая 19:49
Sony Ps3 Диски Серия Игр По Marvel И Star Wars,500,https://www.avito.ru/dimitrovgrad/igry_pristavki_i_programmy?q=star+wars,"Самарская область, Тольятти",21 мая 10:14
Детские Игры Для Sony Ps3 Разные Жанры,400,https://www.avito.ru/dimitrovgrad/igry_pristavki_i_programmy?q=star+wars,"Самарская область, Тольятти",8 июня 10:32
Игры для Nintendo Wii,350,https://www.avito.ru/dimitrovgrad/igry_pristavki_i_programmy?q=star+wars,"Самарская область, Тольятти",13 июня 22:12
Xbox 360 Диски Лицензированные Разных Жанров,300,https://www.avito.ru/dimitrovgrad/igry_pristavki_i_programmy?q=star+wars,"Самарская область, Тольятти",8 июня 17:19
PSP Игры PSP,200,https://www.avito.ru/dimitrovgrad/igry_pristavki_i_programmy?q=star+wars,"Самарская область, Тольятти",8 июня 10:32
PlayStation 2 Игры Лицензия для Sony PS2,300,https://www.avito.ru/dimitrovgrad/igry_pristavki_i_programmy?q=star+wars,"Самарская область, Тольятти",8 июня 10:32
Игры Xbox 360 Разные,300,https://www.avito.ru/dimitrovgrad/igry_pristavki_i_programmy?q=star+wars,"Самарская область, Тольятти",29 мая 13:31
Игры PS3,500,https://www.avito.ru/dimitrovgrad/igry_pristavki_i_programmy?q=star+wars,"Самарская область, Тольятти",11 июня 16:41
Игры для PS4,600,https://www.avito.ru/dimitrovgrad/igry_pristavki_i_programmy?q=star+wars,"Самарская область, Тольятти",26 мая 23:06
Диски лицензия Xbox 360/Playstation3,300,https://www.avito.ru/dimitrovgrad/igry_pristavki_i_programmy?q=star+wars,"Самарская область, Тольятти",15 июня 19:32
Разные игры на PS4,300,https://www.avito.ru/dimitrovgrad/igry_pristavki_i_programmy?q=star+wars,"Самарская область, Тольятти",23 мая 12:23
PS4. 60 игр. 1 Tb. Вариант 6. Обмен на PS3-Xbox,32000,https://www.avito.ru/dimitrovgrad/igry_pristavki_i_programmy?q=star+wars,"Самарская область, Тольятти",3 июня 13:35
Star wars battlefront 1 (продам или обменяю),600,https://www.avito.ru/dimitrovgrad/igry_pristavki_i_programmy?q=star+wars,"Ульяновская область, Ульяновск",31 мая 00:46
Star Wars battlefront 2,550,https://www.avito.ru/dimitrovgrad/igry_pristavki_i_programmy?q=star+wars,"Самарская область, Тольятти",4 июня 15:13
Игровая приставка,2290,https://www.avito.ru/dimitrovgrad/igry_pristavki_i_programmy?q=star+wars,"Ульяновская область, Ульяновск",16 июня 13:02
Игровые диски для приставки PlayStation,100,https://www.avito.ru/dimitrovgrad/igry_pristavki_i_programmy?q=star+wars,"Ульяновская область, Ульяновск",10 июня 02:57
Игры для Xbox One,1000,https://www.avito.ru/dimitrovgrad/igry_pristavki_i_programmy?q=star+wars,"Ульяновская область, Ульяновск",14 июня 15:27
Playstation 2 + 5 игр+2 флешки,3500,https://www.avito.ru/dimitrovgrad/igry_pristavki_i_programmy?q=star+wars,"Самарская область, Тольятти",1 июня 10:57
Star Wars павший орден,1500,https://www.avito.ru/dimitrovgrad/igry_pristavki_i_programmy?q=star+wars,"Ульяновская область, г.о. Ульяновск",3 июня 15:24
Компьютерные игры,30,https://www.avito.ru/dimitrovgrad/igry_pristavki_i_programmy?q=star+wars,"Самарская область, Тольятти",30 мая 16:56
Игры PS,900,https://www.avito.ru/dimitrovgrad/igry_pristavki_i_programmy?q=star+wars,"Ульяновская область, Ульяновск",14 июня 10:36
The Last Of Us и другие лицензионные хиты PS3,300,https://www.avito.ru/dimitrovgrad/igry_pristavki_i_programmy?q=star+wars,"Ульяновская область, Ульяновск",14 июня 19:22
Игры для вашей PS3,200,https://www.avito.ru/dimitrovgrad/igry_pristavki_i_programmy?q=star+wars,"Ульяновская область, Ульяновск",14 июня 15:31
Star Wars battlefront 2,700,https://www.avito.ru/dimitrovgrad/igry_pristavki_i_programmy?q=star+wars,"Ульяновская область, Ульяновск",13 июня 17:05
Игры ps4,700,https://www.avito.ru/dimitrovgrad/igry_pristavki_i_programmy?q=star+wars,"Ульяновская область, Ульяновск",5 июня 16:10
Star Wars Jedi: Fallen Order,3000,https://www.avito.ru/dimitrovgrad/igry_pristavki_i_programmy?q=star+wars,"Ульяновская область, Ульяновск",29 мая 13:41
Игры для Xbox Original,40,https://www.avito.ru/dimitrovgrad/igry_pristavki_i_programmy?q=star+wars,"Ульяновская область, Ульяновск",10 июня 18:27
Игры для Nintendo DS и 3DS,300,https://www.avito.ru/dimitrovgrad/igry_pristavki_i_programmy?q=star+wars,"Ульяновская область, Ульяновск",3 июня 16:14
Kinect Star Wars (Xbox 360),699,https://www.avito.ru/dimitrovgrad/igry_pristavki_i_programmy?q=star+wars,"Ульяновская область, Ульяновск",22 мая 18:50
Star Wars: The Force Unleashed (Xbox 360),499,https://www.avito.ru/dimitrovgrad/igry_pristavki_i_programmy?q=star+wars,"Ульяновская область, Ульяновск",5 июня 07:57
Star Wars Jedi: Fallen Order Ps 4,1700,https://www.avito.ru/dimitrovgrad/igry_pristavki_i_programmy?q=star+wars,"Ульяновская область, г.о. Ульяновск",4 июня 22:52
Sony ps3 500гб 75 игр,7000,https://www.avito.ru/dimitrovgrad/igry_pristavki_i_programmy?q=star+wars,"Самарская область, Самара",14 июня 14:09
Игра для приставки,1550,https://www.avito.ru/dimitrovgrad/igry_pristavki_i_programmy?q=star+wars,"Самарская область, Волжский р-н, городское поселение Смышляевка, пос. городского типа Стройкерамика",3 июня 20:26
Lego star wars III: The Clone Wars PS3,799,https://www.avito.ru/dimitrovgrad/igry_pristavki_i_programmy?q=star+wars,"Самарская область, Самара",1 июня 16:07
PS4 Star Wars Battlefront,400,https://www.avito.ru/dimitrovgrad/igry_pristavki_i_programmy?q=star+wars,"Самарская область, Самара",24 мая 16:02
Lego Star Wars 3: The Clone wars Xbox 360,999,https://www.avito.ru/dimitrovgrad/igry_pristavki_i_programmy?q=star+wars,"Самарская область, Самара",23 мая 18:27
Star Wars Kinect Xbox 360,600,https://www.avito.ru/dimitrovgrad/igry_pristavki_i_programmy?q=star+wars,"Самарская область, Самара",7 июня 13:39
Lego Star Wars The Complete Saga Xbox 360,899,https://www.avito.ru/dimitrovgrad/igry_pristavki_i_programmy?q=star+wars,"Самарская область, Самара",7 июня 13:16
Игры для xbox 360 диски xbox360,300,https://www.avito.ru/dimitrovgrad/igry_pristavki_i_programmy?q=star+wars,"Самарская область, Самара",26 мая 12:03
Диски xbox 360 игры икс бокс 360,500,https://www.avito.ru/dimitrovgrad/igry_pristavki_i_programmy?q=star+wars,"Самарская область, Самара",11 июня 14:12
